{"cameraMode":{"drawMode":0,"name":"Shaded","section":"Shading Mode"},"sceneLighting":true,"audioPlay":false,"sceneViewState":{"m_AlwaysRefresh":false,"showFog":true,"showSkybox":true,"showFlares":true,"showImageEffects":true,"showParticleSystems":true,"showVisualEffectGraphs":true,"m_FxEnabled":true},"in2DMode":false,"pivot":{"x":-11.454961776733399,"y":26.397851943969728,"z":-5.897956848144531},"rotation":{"x":-0.004125019069761038,"y":-0.9946924448013306,"z":0.09309108555316925,"w":-0.04569752514362335},"size":6.762564182281494,"orthographic":false}